OBJECTID,PLACE_ID,FILE_,NAME,CLASS,STATUS,STATE,SOURCE,AREA_HA,UPDATED,URL,REGISTER_DATE,ADDRESS,SHAPE_Length,SHAPE_Area
1,105897,7/05/008/0001,Wave Hill Walk Off Route,Indigenous,Listed place,NT,10000,247.50019812,2006/07/07 00:00:00+00,https://www.dcceew.gov.au/parks-heritage/heritage/places/national/wave-hill,2007/08/09 00:00:00+00,"Buntine and Buchanan Hwy, Kalkarindji NT",46586.8466434094,2734963.03587217
2,105928,1/12/022/0089,Cockatoo Island,Historic,Listed place,NSW,CadLite,20.00764364,2006/08/15 00:00:00+00,https://www.dcceew.gov.au/parks-heritage/heritage/places/national/cockatoo-island,2007/08/01 00:00:00+00,Rozelle NSW,2218.965999478,290807.807105949
3,105932,6/01/004/0038,Cascades Female Factory,Historic,Listed place,TAS,CadLite,0.56386717,2006/08/02 00:00:00+00,https://www.dcceew.gov.au/parks-heritage/heritage/places/national/cascade-female-factory,2007/08/01 00:00:00+00,"8,16,18 Degraves St, South Hobart TAS",521.649092701166,10510.9834102769
4,105756,2/18/021/0158,Quarantine Station and Surrounds,Historic,Within listed place,VIC,10000,120.33142914,2004/08/27 00:00:00+00,https://www.dcceew.gov.au/parks-heritage/heritage/places/national/point-nepean,2006/06/16 00:00:00+00,"Defence Rd, Portsea VIC",6734.81876990851,1957642.53882624
5,106023,5/04/163/0027,Cheetup Rock Shelter,Indigenous,Listed place,WA,approx,127.395274,2008/01/08 00:00:00+00,https://www.dcceew.gov.au/parks-heritage/heritage/places/national/cheetup,2009/10/23 00:00:00+00,Esperance WA,245450.2914,3732843068.20843
6,106044,5/15/180/0003,Wilgie Mia Aboriginal Ochre Mine,Indigenous,Listed place,WA,approx,1991.890939,2011/02/24 00:00:00+00,https://www.dcceew.gov.au/parks-heritage/heritage/places/national/wilgie-mia,2011/02/24 00:00:00+00,"Wilgie Mia Rd, Wilgie Mia Aboriginal Reserve via Cue WA",236114.0502,3473016679.52073
7,105880,3/00/260/0232,Ediacara Fossil Site - Nilpena,Natural,Listed place,SA,approx,344.741341,2005/10/21 00:00:00+00,https://www.dcceew.gov.au/parks-heritage/heritage/places/national/ediacara,2007/01/11 00:00:00+00,Parachilna SA,241101.73080001,3611823360.0841
8,106022,3/00/261/0001,Koonalda Cave,Indigenous,Listed place,SA,MGA,4.88374127,2014/05/14 00:00:00+00,https://www.dcceew.gov.au/parks-heritage/heritage/places/national/koonalda,2014/10/15 00:00:00+00,"Old Eyre Hwy, Cook SA",1401.07898459763,67244.9440135487
9,106080,9/06/001/0002,The Battle of the Coral Sea Site,Historic,Listed place,EXT,MGA,4327025.12612807,2024/12/10 00:00:00+00,https://www.dcceew.gov.au/parks-heritage/heritage/places/national-heritage-list,2025/04/17 00:00:00+00,Cairns EXT,1008902.93462028,46992947356.136
10,106061,3/00/260/0236,"The Burke, Wills, King and Yandruwandha National Heritage Place",Historic,Listed place,SA,MGA,50.570801,2016/01/22 00:00:00+00,https://www.dcceew.gov.au/parks-heritage/heritage/places/national/burke-wills-king-yandruwandha,2016/01/22 00:00:00+00,"Birdsville Tk, Innamincka SA",109229.578750385,647891.335071101
11,105861,1/04/370/0044,City of Broken Hill,Historic,Listed place,NSW,CadLite,16808.98065487,2014/12/23 00:00:00+00,https://www.dcceew.gov.au/parks-heritage/heritage/places/national/city-broken-hill,2015/01/20 00:00:00+00,"Silver City Hwy, Broken Hill NSW",76525.4843279735,234133582.249932
12,106277,2/11/033/0295,Queen Victoria Market,Historic,Listed place,VIC,CadLite,7.59107315,2018/07/23 00:00:00+00,https://www.dcceew.gov.au/parks-heritage/heritage/places/national/queen-victoria-market,2018/07/23 00:00:00+00,"Victoria St, Melbourne VIC",1652.81686477317,121813.587270534
13,106180,7/01/016/0012,Djirurri Rockshelter,Indigenous,Nominated place,NT,MGA,3.08989845,2011/02/14 00:00:00+00,https://www.dcceew.gov.au/parks-heritage/heritage/places/national-heritage-list,,"Oenpelli Murgenella Rd, Nabarlek NT",638.961210877139,32462.3204348616
14,105818,5/01/073/0001,Stirling Range National Park,Natural,Listed place,WA,CAPAD,113604.16699331,2013/02/19 00:00:00+00,https://www.dcceew.gov.au/parks-heritage/heritage/places/national/stirling-range,2006/12/15 00:00:00+00,"Chester Pass Rd, Cranbrook WA",387235.624104433,1672640181.24155
15,105893,1/16/035/0033,Royal National Park and Garawarra State Conservation Area,Natural,Listed place,NSW,CAPAD,16266.63256562,2013/02/20 00:00:00+00,https://www.dcceew.gov.au/parks-heritage/heritage/places/national/royal-park,2006/12/15 00:00:00+00,"Sir Bertram Stevens Dr, Audley NSW",290086.285821365,237947103.974604
16,105922,2/11/033/0682,Flemington Racecourse,Historic,Listed place,VIC,CadLite,127.80190904,2013/02/21 00:00:00+00,https://www.dcceew.gov.au/parks-heritage/heritage/places/national/flemington,2006/11/07 00:00:00+00,"448 Epsom Rd, Flemington VIC",6073.944363471,2049812.35702952
17,105982,5/01/081/0035,Porongurup National Park,Natural,Listed place,WA,CAPAD,2685.88660516,2013/02/21 00:00:00+00,https://www.dcceew.gov.au/parks-heritage/heritage/places/national/porongurup,2009/08/04 00:00:00+00,"Mount Barker Porongurup Rd, Mount Barker WA",66507.2725489081,39814987.7281397
18,105683,2/06/092/0064,Castlemaine Diggings National Heritage Park,Historic,Listed place,VIC,CadLite,7535.67447278,2013/02/22 00:00:00+00,https://www.dcceew.gov.au/parks-heritage/heritage/places/national/castlemaine-diggings,2005/01/27 00:00:00+00,"Chewton Rd, Castlemaine VIC",456326.440176758,118833241.469784
19,106088,7/04/004/0008,Wurrwurrwuy,Indigenous,Listed place,NT,MGA,1.41158571,2009/02/02 00:00:00+00,https://www.dcceew.gov.au/parks-heritage/heritage/places/national/wurrwurrwuy,2013/08/09 00:00:00+00,Yirrkala NT,479.872926587415,14881.0135106374
20,106098,1/02/192/0006,Moree Baths and Swimming Pool,Indigenous,Listed place,NSW,CadLite,1.00529039,2013/08/14 00:00:00+00,https://www.dcceew.gov.au/parks-heritage/heritage/places/national/moree-baths,2013/09/06 00:00:00+00,"Anne St, Moree NSW",462.11481375122,13310.2333950219
21,106149,2/04/164/0008,Murtoa No 1 Grain Store,Historic,Listed place,VIC,CadLite,3.24443144,2014/07/11 00:00:00+00,https://www.dcceew.gov.au/parks-heritage/heritage/places/national/murtoa-grain-shed,2014/10/01 00:00:00+00,"Wimmera Hwy, Murtoa VIC",1007.86969835549,50466.9603279535
22,106108,9/03/001/0001,Christmas Island Natural Areas,Natural,Nominated place,EXT,CadLite,13663.53934355,2009/06/30 00:00:00+00,https://www.dcceew.gov.au/parks-heritage/heritage/places/national-heritage-list,,Settlement EXT,77832.8656175724,142204844.358956
23,105671,2/12/053/0006,Point Cook Air Base,Historic,Listed place,VIC,CadLite,261.65779065,2007/11/20 00:00:00+00,https://www.dcceew.gov.au/parks-heritage/heritage/places/national/point-cook,2007/10/31 00:00:00+00,"Aviation Rd, Point Cook VIC",9268.40309212101,4212901.5679009
24,105678,2/02/137/0001,Budj Bim National Heritage Landscape - Tyrendarra Area,Indigenous,Listed place,VIC,CadLite,274.65563897,2004/02/12 00:00:00+00,https://www.dcceew.gov.au/parks-heritage/heritage/places/national/budj-bim,2004/07/20 00:00:00+00,Tyrendarra VIC,8843.61249629796,4453702.93328028
25,105680,2/18/021/0015,Point Nepean Defence Sites and Quarantine Station Area,Historic,Listed place,VIC,25000,530.36407878,2004/02/12 00:00:00+00,https://www.dcceew.gov.au/parks-heritage/heritage/places/national/point-nepean,2006/06/16 00:00:00+00,"Defence Rd, Portsea VIC",17747.2254968411,8628730.61815895
26,105692,3/11/164/0006,Australian Fossil Mammal Sites (Naracoorte),Natural,Listed place,SA,CadLite,297.16049759,2004/03/17 00:00:00+00,https://www.dcceew.gov.au/parks-heritage/heritage/places/world/australian-fossil-mammal-sites,2007/05/21 00:00:00+00,Naracoorte SA,22292.465568649,4674983.16239679
27,105896,2/11/033/0434,High Court of Australia (former),Historic,Listed place,VIC,CadLite,0.25215184,2007/07/13 00:00:00+00,https://www.dcceew.gov.au/parks-heritage/heritage/places/national/high-court-former,2007/07/11 00:00:00+00,"450 Little Bourke St, Melbourne VIC",260.245529413756,4046.97360197666
28,106064,4/08/208/0003,QANTAS Hangar Longreach,Historic,Listed place,QLD,10000,0.10611046,2008/04/16 00:00:00+00,https://www.dcceew.gov.au/parks-heritage/heritage/places/national/qantas-hangar,2009/05/02 00:00:00+00,"Landsborough Hwy, Longreach QLD",147.127031218273,1266.36709575225
29,106065,9/04/001/0035,HMAS Sydney II and HSK Kormoran Shipwreck Sites,Historic,Listed place,EXT,MGA,386.15441235,2010/06/16 00:00:00+00,https://www.dcceew.gov.au/parks-heritage/heritage/places/national/sydney-kormoran,2011/03/14 00:00:00+00,Carnarvon EXT,12696.5624055412,4814138.83655193
30,105875,2/01/140/0020,Great Ocean Road and Scenic Environs,Historic,Listed place,VIC,CadLite,13392.44480517,2011/05/17 00:00:00+00,https://www.dcceew.gov.au/parks-heritage/heritage/places/national/great-ocean-road,2011/04/07 00:00:00+00,"Great Ocean Rd, Apollo Bay VIC",1027724.53618741,220056458.637955
31,106033,2/12/026/0006,Coranderrk,Indigenous,Listed place,VIC,CadLite,81.65232235,2008/01/15 00:00:00+00,https://www.dcceew.gov.au/parks-heritage/heritage/places/national/coranderrk,2011/06/07 00:00:00+00,"19 Barak La, Healesville VIC",6749.6328225289,1306194.17361457
32,105709,4/00/192/0001,Great Barrier Reef,Natural,Listed place,QLD,WHA,34893402.8830109,2004/03/17 00:00:00+00,https://www.dcceew.gov.au/parks-heritage/great-barrier-reef/world-heritage,2007/05/21 00:00:00+00,Townsville QLD,10788900.8892466,392559351732.435
33,106063,5/09/213/0034,The West Kimberley,Natural,Listed place,WA,100000,19172050.1452882,2010/08/17 00:00:00+00,https://www.dcceew.gov.au/parks-heritage/heritage/places/national/west-kimberley,2011/08/31 00:00:00+00,"Great Northern Hwy, Broome WA",4575118.93876456,208843634820.887
34,105852,2/03/121/0016,Grampians National Park (Gariwerd),Natural,Listed place,VIC,CAPAD,168121.01027081,2012/12/18 00:00:00+00,https://www.dcceew.gov.au/parks-heritage/heritage/places/national/grampians,2006/12/15 00:00:00+00,"Grampians Rd, Halls Gap VIC",1441827.04584201,2658480883.33068
35,105853,1/03/201/0001,Warrumbungle National Park,Natural,Listed place,NSW,CAPAD,23611.98003226,2012/12/18 00:00:00+00,https://www.dcceew.gov.au/parks-heritage/heritage/places/national/warrumbungle,2006/12/15 00:00:00+00,"John Renshaws Pkwy, Coonabarabran NSW",260749.710873711,324275412.201016
36,105935,1/12/036/0105,Hyde Park Barracks,Historic,Listed place,NSW,CadLite,0.50898144,2013/01/22 00:00:00+00,https://www.dcceew.gov.au/parks-heritage/heritage/places/national/hyde-park,2007/08/01 00:00:00+00,"Macquarie St, Sydney NSW",367.14124907802,7401.71342767288
37,105693,1/05/360/0002,Willandra Lakes Region,Natural,Listed place,NSW,WHA,239184.19341894,2004/03/17 00:00:00+00,https://www.dcceew.gov.au/parks-heritage/heritage/places/world/willandra,2007/05/21 00:00:00+00,"Arumpo Mungo National Park Rd, Robinvale NSW",655712.115356131,3458217924.46777
38,105708,2/11/033/0235,Royal Exhibition Building National Historic Place,Historic,Listed place,VIC,CadLite,25.45367919,2007/07/13 00:00:00+00,https://www.dcceew.gov.au/parks-heritage/heritage/places/national/royal-exhibition,2004/07/20 00:00:00+00,"Victoria St, Carlton VIC",2705.9917420627,408418.154714865
39,105710,3/03/001/0049,South Australian Old and New Parliament Houses,Historic,Listed place,SA,CadLite,0.65527707,2008/08/27 00:00:00+00,https://www.dcceew.gov.au/parks-heritage/heritage/places/national/sa-parliament-houses,2006/01/26 00:00:00+00,"North Tce, Adelaide SA",437.176697546669,9769.43924381152
40,105713,9/01/002/0008,Mawsons Huts and Mawsons Huts Historic Site,Historic,Listed place,EXT,25000,101.76876428,2004/03/17 00:00:00+00,https://www.dcceew.gov.au/parks-heritage/heritage/places/national/mawsons-hut,2005/01/27 00:00:00+00,Dumont D'Urville Station EXT,16623.2830716378,6639518.9226399
41,105721,4/08/201/0004,Tree of Knowledge and curtilage,Historic,Listed place,QLD,CadLite,0.01615939,2013/02/19 00:00:00+00,https://www.dcceew.gov.au/parks-heritage/heritage/places/national/tree,2006/01/26 00:00:00+00,"Oak St, Barcaldine QLD",76.6406930986804,193.180600148501
42,105724,6/01/093/0044,Richmond Bridge,Historic,Listed place,TAS,CadLite,0.07517094,2005/10/31 00:00:00+00,https://www.dcceew.gov.au/parks-heritage/heritage/places/national/richmond,2005/11/25 00:00:00+00,"Bridge St, Richmond TAS",176.618765331373,1394.07572828581
43,105739,2/11/033/0017,Newman College,Historic,Listed place,VIC,CadLite,4.02387545,2007/07/13 00:00:00+00,https://www.dcceew.gov.au/parks-heritage/heritage/places/national/newman,2005/09/21 00:00:00+00,"887 Swanston St, Parkville VIC",1036.95800913135,64550.0659505619
44,105741,8/01/000/0453,Australian Academy of Science Building,Historic,Listed place,ACT,CadLite,0.15508408,2004/06/10 00:00:00+00,https://www.dcceew.gov.au/parks-heritage/heritage/places/national/academy-of-science,2005/09/21 00:00:00+00,"Gordon St, Canberra City ACT",182.597148159033,2332.60059325265
45,105743,2/11/033/0706,Sidney Myer Music Bowl,Historic,Listed place,VIC,10000,6.24529368,2007/07/13 00:00:00+00,https://www.dcceew.gov.au/parks-heritage/heritage/places/national/sidney-myer-music-bowl,2005/09/21 00:00:00+00,"Linlithgow Av, Melbourne VIC",1658.94474279334,100262.961654365
46,105745,8/01/000/0533,High Court - National Gallery Precinct,Historic,Listed place,ACT,CadLite,14.15260746,2004/06/10 00:00:00+00,https://www.dcceew.gov.au/parks-heritage/heritage/places/national/high-court-national-art-gallery,2007/11/23 00:00:00+00,"Parkes Pl, Parkes ACT",2113.15899041824,212952.096447691
47,105747,2/11/033/0681,ICI Building (former),Historic,Listed place,VIC,CadLite,0.23465805,2007/07/13 00:00:00+00,https://www.dcceew.gov.au/parks-heritage/heritage/places/national/ici-building,2005/09/21 00:00:00+00,"1-4 Nicholson St, East Melbourne VIC",249.503638310744,3765.70466226514
48,105754,2/03/122/0058,Eureka Stockade Gardens,Historic,Listed place,VIC,CadLite,7.82685395,2005/10/10 00:00:00+00,https://www.dcceew.gov.au/parks-heritage/heritage/places/national/eureka-stockade,2004/12/08 00:00:00+00,"Eureka St, Eureka VIC",1465.35320313368,124784.211001901
49,105758,3/03/001/0279,The Adelaide Park Lands and City Layout,Historic,Listed place,SA,CadLite,1020.1763183,2008/09/30 00:00:00+00,https://www.dcceew.gov.au/parks-heritage/heritage/places/national/adelaide-parklands,2008/11/07 00:00:00+00,"South Tce, Adelaide SA",143590.423978823,15210040.6268132
50,105759,1/13/024/0019,North Head - Sydney,Historic,Listed place,NSW,25000,277.56823643,2006/05/18 00:00:00+00,https://www.dcceew.gov.au/parks-heritage/heritage/places/national/north-head,2006/05/12 00:00:00+00,"North Head Scenic Dr, Manly NSW",12080.4610939309,4031246.57450165
51,105761,1/12/036/0479,First Government House Site,Historic,Listed place,NSW,CadLite,0.23249124,2005/08/19 00:00:00+00,https://www.dcceew.gov.au/parks-heritage/heritage/places/national/first-government-house,2005/08/19 00:00:00+00,"41 Bridge St, Sydney NSW",274.27838650764,3380.46783631502
52,105763,2/17/009/0004,Rippon Lea House and Garden,Historic,Listed place,VIC,CadLite,5.58168811,2007/07/13 00:00:00+00,https://www.dcceew.gov.au/parks-heritage/heritage/places/national/rippon-lea,2006/08/11 00:00:00+00,"192 Hotham St, Elsternwick VIC",1190.66211659321,89742.9631479553
53,106153,1/12/030/0024,Centennial Park,Historic,Listed place,NSW,CadLite,185.38414237,2018/09/28 00:00:00+00,https://www.dcceew.gov.au/parks-heritage/heritage/places/national/centennial-park,2018/10/02 00:00:00+00,"Oxford St, Centennial Park NSW",8568.00812127467,2697720.55389395
54,105665,6/01/101/0034,Recherche Bay (North East Peninsula) Area,Historic,Listed place,TAS,CadLite,389.35954123,2005/09/21 00:00:00+00,https://www.dcceew.gov.au/parks-heritage/heritage/places/national/recherche,2005/10/07 00:00:00+00,Southport TAS,16978.499401113,7411083.25337902
55,106162,1/16/035/0034,Kamay Botany Bay: botanical collection sites,Historic,Listed place,NSW,CadLite,1134.13208285,2015/11/10 00:00:00+00,https://www.dcceew.gov.au/parks-heritage/heritage/places/national/kamay-botany-bay,2017/09/10 00:00:00+00,"Captain Cook Dr, Kurnell NSW",74025.6550301098,16549474.2190748
56,106288,7/09/004/0001,Watarrka National Park,Natural,Listed place,NT,CAPAD,105184.67028685,2016/03/15 00:00:00+00,https://www.dcceew.gov.au/parks-heritage/heritage/places/national-heritage-list,2024/06/18 00:00:00+00,"Luritja Rd, Petermann NT",279345.800830172,1271580010.02893
57,105698,6/01/101/0007,Macquarie Island,Natural,Listed place,TAS,50000,12442.96442762,2013/02/12 00:00:00+00,https://www.dcceew.gov.au/parks-heritage/heritage/places/world/macquarie-island,2007/05/21 00:00:00+00,Hobart TAS,261795.5641078,370505537.054117
58,105698,6/01/101/0007,Macquarie Island,Natural,Listed place,TAS,50000,544760.92738608,2013/02/12 00:00:00+00,https://www.dcceew.gov.au/parks-heritage/heritage/places/world/macquarie-island,2007/05/21 00:00:00+00,Hobart TAS,835898.826054688,16304970737.4787
59,105707,9/02/001/0001,Heard and McDonald Islands,Natural,Listed place,EXT,50000,36638.90440703,2013/02/12 00:00:00+00,https://www.dcceew.gov.au/parks-heritage/heritage/places/world/heard-mcdonald,2007/05/21 00:00:00+00,Heard and McDonald Islands EXT,256575.588666501,1014130226.46326
60,105707,9/02/001/0001,Heard and McDonald Islands,Natural,Listed place,EXT,50000,622263.99976927,2013/02/12 00:00:00+00,https://www.dcceew.gov.au/parks-heritage/heritage/places/world/heard-mcdonald,2007/05/21 00:00:00+00,Heard and McDonald Islands EXT,882382.686998503,17190878002.2366
61,105697,5/09/211/0004,Purnululu National Park,Natural,Listed place,WA,CAPAD,243830.87982283,2013/02/12 00:00:00+00,https://www.dcceew.gov.au/parks-heritage/heritage/places/world/purnululu,2007/05/21 00:00:00+00,Halls Creek WA,238952.067003249,2694019366.41352
62,105762,5/12/010/0103,Fremantle Prison (former),Historic,Listed place,WA,CadLite,7.15833648,2013/02/12 00:00:00+00,https://www.dcceew.gov.au/parks-heritage/heritage/places/national/fremantle-prison,2005/08/01 00:00:00+00,"1 The Terrace, Fremantle WA",2106.5410094288,99947.2661063057
63,105664,4/08/224/0005,Dinosaur Stampede National Monument,Natural,Listed place,QLD,CadLite,403.00111363,2013/02/19 00:00:00+00,https://www.dcceew.gov.au/parks-heritage/heritage/places/national/dinosaur-stampede,2004/07/20 00:00:00+00,"Winton-Jundah Rd, Winton QLD",8513.37541053575,4779053.98313465
64,105815,4/01/089/0003,Glass House Mountains National Landscape,Natural,Listed place,QLD,CAPAD,1866.32433963,2013/02/19 00:00:00+00,https://www.dcceew.gov.au/parks-heritage/heritage/places/national/glass-mountains,2006/08/03 00:00:00+00,"Beerburrum Woodford Rd, Beerburrum QLD",64853.0767228706,23574760.9911125
65,105696,1/14/006/0061,The Greater Blue Mountains Area - Additional Values and Areas,Natural,Nominated place,NSW,50000,1309734.76812618,2015/03/13 00:00:00+00,https://www.dcceew.gov.au/parks-heritage/heritage/places/national-heritage-list,,"Great Western Hwy, Katoomba NSW",7967793.28213323,18783897642.5292
66,105727,5/08/203/0056,Dampier Archipelago (including Burrup Peninsula),Indigenous,Listed place,WA,CadLite,36885.84945587,2007/07/03 00:00:00+00,https://www.dcceew.gov.au/parks-heritage/heritage/places/national/dampier-archipelago,2007/07/03 00:00:00+00,"Karratha Dampier Rd, Dampier WA",462565.978373929,422803885.880724
67,105729,2/08/239/0012,Glenrowan Heritage Precinct,Historic,Listed place,VIC,CadLite,8.0094716,2005/06/09 00:00:00+00,https://www.dcceew.gov.au/parks-heritage/heritage/places/national/glenrowan,2005/07/05 00:00:00+00,"Siege St, Glenrowan VIC",1711.1750658545,124076.533832749
68,105738,1/12/036/0449,Sydney Opera House,Historic,Listed place,NSW,CadLite,3.82965264,2005/05/02 00:00:00+00,https://www.dcceew.gov.au/parks-heritage/heritage/places/national/sydney-opera-house,2005/07/12 00:00:00+00,"2 Circular Quay East, Sydney NSW",1294.65963220476,55675.9942225398
69,105933,6/01/095/0020,Darlington Probation Station,Historic,Listed place,TAS,CadLite,376.44730979,2007/01/24 00:00:00+00,https://www.dcceew.gov.au/parks-heritage/heritage/places/national/darlington-probation-stn,2007/08/01 00:00:00+00,"French Farm Coastal Route, Darlington TAS",17735.4068995406,6947543.2115814
70,105936,2/06/078/0002,Mount William Stone Hatchet Quarry,Indigenous,Listed place,VIC,10000,17.96116332,2007/10/03 00:00:00+00,https://www.dcceew.gov.au/parks-heritage/heritage/places/national/mount-william,2008/02/25 00:00:00+00,"Powells Trk, Lancefield VIC",2642.75458171079,283709.503378592
71,105937,1/12/036/0589,Cyprus Hellene Club - Australian Hall,Indigenous,Listed place,NSW,CadLite,0.08664614,2006/10/09 00:00:00+00,https://www.dcceew.gov.au/parks-heritage/heritage/places/national/cyprus-hellene,2008/05/20 00:00:00+00,"150-152 Elizabeth St, Sydney NSW",170.461278837572,1260.26905483047
72,106025,4/06/258/0039,Ngarrabullgan,Indigenous,Listed place,QLD,100000,17926.17984569,2008/01/08 00:00:00+00,https://www.dcceew.gov.au/parks-heritage/heritage/places/national/ngarrabullgan,2011/05/12 00:00:00+00,"Mount Mulligan Rd, Dimbulah QLD",82416.6189848424,196771541.966367
73,106168,6/01/001/0032,Jordan River Levee site,Indigenous,Listed place,TAS,CadLite,3.90046063,2011/12/22 00:00:00+00,https://www.dcceew.gov.au/parks-heritage/heritage/places/national/jordan-river-levee,2011/12/23 00:00:00+00,"Andrew St, Brighton TAS",1780.30093227122,72267.8640151793
74,105691,4/07/287/0002,Australian Fossil Mammal Sites (Riversleigh),Natural,Listed place,QLD,CadLite,10021.48612967,2012/06/19 00:00:00+00,https://www.dcceew.gov.au/parks-heritage/great-barrier-reef/world-heritage,2007/05/21 00:00:00+00,Riversleigh via Gregory Downs QLD,52463.2953381099,112737200.538033
75,105686,5/14/193/0013,"Shark Bay, Western Australia",Natural,Listed place,WA,WHA,2204296.95747336,2013/01/22 00:00:00+00,https://www.dcceew.gov.au/parks-heritage/heritage/places/world/shark-bay,2007/05/21 00:00:00+00,"Denham Hamelin Rd, Denham WA",1198567.55105572,27370850325.1434
76,105751,6/02/031/0052,Western Tasmania Aboriginal Cultural Landscape,Indigenous,Listed place,TAS,MGA,20723.06303206,2013/02/08 00:00:00+00,https://www.dcceew.gov.au/parks-heritage/heritage/places/national/western-tasmania,2013/02/08 00:00:00+00,"Arthur River Rd, Arthur River TAS",429244.725032593,368290703.395389
77,105992,4/02/102/0001,K'gari,Natural,Listed place,QLD,CadLite,181838.35475682,2007/03/27 00:00:00+00,https://www.dcceew.gov.au/parks-heritage/heritage/places/world/kgari-fraser-island,2007/05/21 00:00:00+00,"Eurong Rd, Eurong QLD",333859.85737196,2232827069.19427
78,106009,1/12/038/0010,Bondi Beach,Historic,Listed place,NSW,CadLite,68.8915722,2007/10/03 00:00:00+00,https://www.dcceew.gov.au/parks-heritage/heritage/places/national/bondi,2008/01/25 00:00:00+00,"Campbell Pde, Bondi Beach NSW",4872.94221413324,1002394.64336221
79,106060,6/01/004/0038,Cascades Female Factory Yard 4 North,Historic,Listed place,TAS,CadLite,0.15317465,2008/03/18 00:00:00+00,https://www.dcceew.gov.au/parks-heritage/heritage/places/national/cascade-female-factory,2009/08/04 00:00:00+00,"Symes St, South Hobart TAS",255.769063606511,2855.28915940923
80,106345,1/07/255/0011,Parkes Observatory,Historic,Listed place,NSW,CadLite,170.42679971,2018/05/11 00:00:00+00,https://www.dcceew.gov.au/parks-heritage/heritage/places/national/parkes-observatory,2020/08/10 00:00:00+00,"585 Telescope Rd, Parkes NSW",6177.88540516967,2429403.7409084
81,105767,7/08/013/0003,Hermannsburg Historic Precinct,Indigenous,Listed place,NT,CadLite,3.01146693,2018/05/11 00:00:00+00,https://www.dcceew.gov.au/parks-heritage/heritage/places/national/hermannsburg,2006/04/13 00:00:00+00,"Larapinta Dr, Hermannsburg NT",818.00309745065,36216.4308759671
82,106298,7/04/001/0021,Greater Red Lily Lagoon Area,Indigenous,Nominated place,NT,MGA,8352.25418386,2016/04/05 00:00:00+00,https://www.dcceew.gov.au/parks-heritage/heritage/places/national-heritage-list,,"Oenpelli Road, Oenpelli NT",38893.1768563371,88125497.8681061
83,106376,0/00/000/0000,Papunya,Indigenous,Nominated place,NT,CadLite,474.27263112,2021/04/14 00:00:00+00,https://www.dcceew.gov.au/parks-heritage/heritage/places/national-heritage-list,,"Takulu Road, Papunya NT",9560.57227706234,5640406.29810106
84,106375,0/00/000/0000,Binthi Warra Indigenous Heritage Places,Indigenous,Nominated place,QLD,100000,23078.45815107,2021/05/25 00:00:00+00,https://www.dcceew.gov.au/parks-heritage/heritage/places/national-heritage-list,,Hope Vale Aboriginal Community QLD,104665.492173943,249145682.221091
85,106384,0/00/000/0000,Ghow Swamp,Indigenous,Nominated place,VIC,CadLite,2818.4237103,2022/08/02 00:00:00+00,https://www.dcceew.gov.au/parks-heritage/heritage/places/national-heritage-list,, VIC,27289.5759753519,43104839.8926027
86,106382,0/00/000/0000,The Nut and volcanic features of Stanley Peninsula,Natural,Nominated place,TAS,CadLite,1440.79583788,2022/08/01 00:00:00+00,https://www.dcceew.gov.au/parks-heritage/heritage/places/national-heritage-list,,Stanley TAS,71545.8572101717,25159335.0370805
87,106008,4/06/270/0074,Wet Tropics World Heritage Area (Indigenous Values),Indigenous,Within listed place,QLD,CadLite,894818.46742152,2019/03/22 00:00:00+00,https://www.dcceew.gov.au/parks-heritage/heritage/places/national-heritage-list,2012/11/12 00:00:00+00,Cairns QLD,3282733.85828537,9879194799.9749
88,105689,4/06/270/0031,Wet Tropics of Queensland,Natural,Listed place,QLD,CadLite,894818.46742152,2019/03/22 00:00:00+00,https://www.dcceew.gov.au/parks-heritage/heritage/places/world/wet-tropics,2007/05/21 00:00:00+00,Cairns QLD,3282733.85828537,9879194799.9749
89,106007,5/04/161/0049,"Goldfields Water Supply Scheme, Western Australia",Historic,Listed place,WA,CadLite,152.64799782,2019/10/14 00:00:00+00,https://www.dcceew.gov.au/parks-heritage/heritage/places/national/goldfields,2011/06/23 00:00:00+00,Mundaring to Kalgoorlie WA,1472171.44147768,2100754.54637317
90,105887,5/00/149/0011,Batavia Shipwreck Site and Survivor Camps Area 1629 - Houtman Abrolhos,Historic,Listed place,WA,CadLite,5271.84973629,2019/11/01 00:00:00+00,https://www.dcceew.gov.au/parks-heritage/heritage/places/national/batavia,2006/04/06 00:00:00+00,Wallabi Group via Houtman Abrolhos WA,39574.3052185626,68466139.4425061
91,105695,6/01/101/0018,Tasmanian Wilderness,Natural,Listed place,TAS,CadLite,1389204.25384921,2019/11/14 00:00:00+00,https://www.dcceew.gov.au/parks-heritage/heritage/places/world/tasmanian-wilderness,2007/05/21 00:00:00+00,Strathgordon TAS,3247623.3154931,25690323518.044
92,106061,3/00/260/0236,"The Burke, Wills, King and Yandruwandha National Heritage Place",Historic,Listed place,QLD,MGA,10.31494379,2020/04/30 00:00:00+00,https://www.dcceew.gov.au/parks-heritage/heritage/places/national/burke-wills-king-yandruwandha,2016/01/22 00:00:00+00,"Birdsville Tk, Innamincka SA",22151.1705643464,131964.010212876
93,105891,1/08/284/0028,Australian Alps National Parks and Reserves,Natural,Listed place,NSW,CAPAD,726093.1058921,2020/04/30 00:00:00+00,https://www.dcceew.gov.au/parks-heritage/heritage/places/national/australia-alps,2008/11/07 00:00:00+00,"The Alpine Way, Thredbo Village VIC",2182533.61523613,11151441890.3938
94,105891,1/08/284/0028,Australian Alps National Parks and Reserves,Natural,Listed place,VIC,CAPAD,839863.79413031,2020/04/30 00:00:00+00,https://www.dcceew.gov.au/parks-heritage/heritage/places/national/australia-alps,2008/11/07 00:00:00+00,"The Alpine Way, Thredbo Village VIC",3775072.39037545,13223438987.8333
95,105891,1/08/284/0028,Australian Alps National Parks and Reserves,Natural,Listed place,ACT,CAPAD,111144.32781217,2020/04/30 00:00:00+00,https://www.dcceew.gov.au/parks-heritage/heritage/places/national/australia-alps,2008/11/07 00:00:00+00,"The Alpine Way, Thredbo Village VIC",363080.967712837,1686181749.45945
96,105704,1/01/114/0002,Gondwana Rainforests of Australia,Natural,Listed place,NSW,WHA,309060.28316853,2020/05/11 00:00:00+00,https://www.dcceew.gov.au/parks-heritage/heritage/places/world/gondwana,2007/05/21 00:00:00+00,Lismore NSW,2559303.55661889,4172463246.02291
97,105704,1/01/114/0002,Gondwana Rainforests of Australia,Natural,Listed place,QLD,WHA,59666.63005439,2020/05/11 00:00:00+00,https://www.dcceew.gov.au/parks-heritage/heritage/places/world/gondwana,2007/05/21 00:00:00+00,Lismore NSW,764816.134795951,770890029.037327
98,106090,5/15/183/0014,Erawondoo Hill,Natural,Listed place,WA,MGA,260.63100763,2020/06/30 00:00:00+00,https://www.dcceew.gov.au/parks-heritage/heritage/places/national/erawondoo-hill,2020/06/30 00:00:00+00,Meekatharra WA,8990.09864457161,3248723.49427221
99,105958,4/06/258/0038,Chillagoe Karst Region,Natural,Minister considering decision within extended period,QLD,CadLite,19570.40388137,2020/08/10 00:00:00+00,https://www.dcceew.gov.au/parks-heritage/heritage/places/national-heritage-list,,"Burke Development Rd, Chillagoe, Laura QLD",371303.035966897,214036367.90987
100,106369,0/00/000/0000,Sydney Cultural Crescent Rock Art,Indigenous,Nominated place,NSW,100000,507609.75828021,2020/10/09 00:00:00+00,https://www.dcceew.gov.au/parks-heritage/heritage/places/national-heritage-list,,Sydney Region NSW,873591.262067032,7354941853.8273
101,105688,7/04/001/0014,Kakadu National Park,Natural,Listed place,NT,CadLite,1911121.93773651,2021/01/13 00:00:00+00,https://www.dcceew.gov.au/parks-heritage/heritage/places/world/kakadu,2007/05/21 00:00:00+00,"Arnhem Hwy, Darwin NT",852783.239392144,20254019272.7019
102,105687,7/09/008/0001,Uluru - Kata Tjuta National Park,Natural,Listed place,NT,CadLite,133994.9837297,2021/01/13 00:00:00+00,https://www.dcceew.gov.au/parks-heritage/heritage/places/world/uluru,2007/05/21 00:00:00+00,"Lasseter Hwy, Yulara NT",235856.584145467,1646565765.94531
103,105764,2/17/047/0003,HMVS Cerberus,Historic,Listed place,VIC,10000,0.1595286,2013/02/19 00:00:00+00,https://www.dcceew.gov.au/parks-heritage/heritage/places/national/hmvs-cerberus,2005/12/14 00:00:00+00,Black Rock VIC,297.774169691385,2571.00095910265
104,105774,8/01/000/0017,Old Parliament House and Curtilage,Historic,Listed place,ACT,CadLite,3.59589883,2005/07/13 00:00:00+00,https://www.dcceew.gov.au/parks-heritage/heritage/places/national/old-parliament,2006/06/20 00:00:00+00,"King George Tce, Parkes ACT",907.772597094872,54110.3556405841
105,105777,2/06/208/0008,Echuca Wharf,Historic,Listed place,VIC,CadLite,0.32571696,2006/10/09 00:00:00+00,https://www.dcceew.gov.au/parks-heritage/heritage/places/national/echuca-wharf,2007/04/26 00:00:00+00,"52 Murray Esp, Echuca VIC",918.164886890269,5002.14660254892
106,105778,1/03/225/0001,Brewarrina Aboriginal Fish Traps (Baiame's Ngunnhu),Indigenous,Listed place,NSW,10000,6.28789796,2004/10/08 00:00:00+00,https://www.dcceew.gov.au/parks-heritage/heritage/places/national/brewarrina,2005/06/03 00:00:00+00,"Doyle St, Brewarrina NSW",1356.6759057533,84050.6893503659
107,105808,5/14/193/0014,Dirk Hartog Landing Site 1616 - Cape Inscription Area,Historic,Listed place,WA,CadLite,1110.41918654,2006/04/28 00:00:00+00,https://www.dcceew.gov.au/parks-heritage/heritage/places/national/cape-inscription,2006/04/06 00:00:00+00,Dirk Hartog Island WA,20795.8331626656,13686451.475532
108,105817,1/13/016/0003,"Ku-ring-gai Chase National Park, Lion, Long and Spectacle Island Nature Reserves",Natural,Listed place,NSW,CadLite,15662.07633781,2007/04/11 00:00:00+00,https://www.dcceew.gov.au/parks-heritage/heritage/places/national/ku-ring-gai-chase,2006/12/15 00:00:00+00,"Ku-ring-gai Chase Rd, Bobbin Head NSW",290949.143154737,226508122.896346
109,105819,3/00/260/0045,Great Artesian Basin Springs: Witjira-Dalhousie,Natural,Listed place,SA,MGA,50807.69262406,2008/09/30 00:00:00+00,https://www.dcceew.gov.au/parks-heritage/heritage/places/national/witjira-dalhousie-springs,2009/08/04 00:00:00+00,Dalhousie ruin via Oodnadatta SA,104943.24203309,636325774.120943
110,105821,4/08/222/0015,Great Artesian Basin Springs: Elizabeth,Natural,Listed place,QLD,CadLite,101.11440767,2008/10/22 00:00:00+00,https://www.dcceew.gov.au/parks-heritage/heritage/places/national/elizabeth-springs,2009/08/04 00:00:00+00,"Springvale Rd, Warra QLD",4326.87800731852,1204991.00822229
111,105845,2/08/246/0004,Bonegilla Migrant Camp - Block 19,Historic,Listed place,VIC,CadLite,14.46083633,2007/12/11 00:00:00+00,https://www.dcceew.gov.au/parks-heritage/heritage/places/national/bonegilla,2007/12/07 00:00:00+00,"76 Bonegilla Rd, Bonegilla VIC",2184.99278589545,222131.672115087
112,105851,2/07/107/0002,Flora Fossil Site - Yea,Natural,Listed place,VIC,MGA,12.57055609,2005/10/28 00:00:00+00,https://www.dcceew.gov.au/parks-heritage/heritage/places/national/yea-flora,2007/01/11 00:00:00+00,"Limestone Rd, Yea VIC",1579.87357501739,198599.944373206
113,105869,1/02/172/0001,Myall Creek Massacre and Memorial Site,Indigenous,Listed place,NSW,CadLite,23.17094694,2005/09/20 00:00:00+00,https://www.dcceew.gov.au/parks-heritage/heritage/places/national/myall-creek,2008/06/07 00:00:00+00,"Bingara Delungra Rd, Myall Creek via Bingara NSW",2299.74950261672,308631.2400742
114,105885,2/11/033/0159,Melbourne Cricket Ground,Historic,Listed place,VIC,CadLite,7.69267116,2007/07/13 00:00:00+00,https://www.dcceew.gov.au/parks-heritage/heritage/places/national/mcg,2005/12/26 00:00:00+00,"Brunton Av, Jolimont VIC",1357.78940913991,123485.328963067
115,105889,8/01/000/0131,Australian War Memorial and the Memorial Parade,Historic,Listed place,ACT,CadLite,25.49055242,2005/11/10 00:00:00+00,https://www.dcceew.gov.au/parks-heritage/heritage/places/national/war-memorial,2006/04/25 00:00:00+00,"Anzac Pde, Campbell ACT",4190.41676316672,383394.868159382
116,105974,5/01/076/0008,Fitzgerald River National Park,Natural,Listed place,WA,CAPAD,295725.34007111,2016/05/05 00:00:00+00,https://www.dcceew.gov.au/parks-heritage/heritage/places/national/fitzgerald-river-national-park,2016/05/06 00:00:00+00,"South Coast Hwy, Ravensthorpe WA",816017.553757824,4311845540.73119
117,105967,5/10/133/0005,Lesueur National Park,Natural,Listed place,WA,CAPAD,27230.8356511,2016/05/05 00:00:00+00,https://www.dcceew.gov.au/parks-heritage/heritage/places/national/lesueur-national-park,2016/05/06 00:00:00+00,"Coorow Green Head Rd, Green Head WA",181942.973675269,365103490.318918
118,106262,4/06/270/0001,Quinkan Country,Indigenous,Listed place,QLD,CadLite,263010.4695538,2018/07/23 00:00:00+00,https://www.dcceew.gov.au/parks-heritage/heritage/places/national/Quinkan-Country,2018/11/10 00:00:00+00,"Peninsula Developmental Rd, Laura QLD",342087.968096302,2853175922.85496
119,106353,0/00/000/0000,Cuttlefish Coast Sanctuary Zone,Natural,Listed place,SA,CadLite,651.74657954,2023/02/22 00:00:00+00,https://www.dcceew.gov.au/parks-heritage/heritage/places/national/cuttlefish-coast-sanctuary-zone,2023/02/24 00:00:00+00,Whyalla SA,14686.5713236303,9291368.99692285
120,105919,1/08/284/0006,Snowy Mountains Scheme,Historic,Listed place,NSW,25000,458829.51819669,2016/09/20 00:00:00+00,https://www.dcceew.gov.au/parks-heritage/heritage/places/national/snowy-mountains-scheme,2016/10/14 00:00:00+00,"Snowy Mountains Hwy, Cabramurra NSW",987304.855772388,7031304834.71705
121,106040,2/11/012/0006,Abbotsford Convent,Historic,Listed place,VIC,CadLite,14.12645217,2016/11/01 00:00:00+00,https://www.dcceew.gov.au/parks-heritage/heritage/places/national/abbotsford-convent,2017/08/31 00:00:00+00,"1 St Heliers St, Abbotsford VIC",2061.83953992332,226662.060871616
122,106304,3/08/042/0012,Australian Cornish Mining Sites: Burra,Historic,Listed place,SA,CadLite,636.55580979,2017/02/07 00:00:00+00,https://www.dcceew.gov.au/parks-heritage/heritage/places/national/australian-cornish-mining-sites,2017/05/09 00:00:00+00,"Barrier Hwy, Burra SA",20555.9003850106,9215566.37628148
123,106096,3/08/240/0065,Australian Cornish Mining Sites: Moonta,Historic,Listed place,SA,CadLite,316.69452181,2017/02/07 00:00:00+00,https://www.dcceew.gov.au/parks-heritage/heritage/places/national/australian-cornish-mining-sites,2017/05/09 00:00:00+00,"Verran Tce, Moonta SA",10687.6303900546,4627469.41638189
124,105888,1/12/036/0065,Sydney Harbour Bridge,Historic,Listed place,NSW,CadLite,14.61382042,2017/03/28 00:00:00+00,https://www.dcceew.gov.au/parks-heritage/heritage/places/national/sydney-harbour-bridge,2007/03/19 00:00:00+00,"Bradfield Hwy, Dawes Point - Milsons Point NSW",5321.42470339809,212426.467798732
125,106310,7/04/004/0007,Yalangbara,Indigenous,Nominated place,NT,CadLite,18795.68085606,2017/04/28 00:00:00+00,https://www.dcceew.gov.au/parks-heritage/heritage/places/national-heritage-list,,"Port Bradshaw Rd, Yirrkala NT",63746.6749613217,198390926.661283
126,106234,1/10/028/0110,Parramatta Female Factory and Institutions Precinct,Historic,Listed place,NSW,CadLite,7.2413255,2017/05/02 00:00:00+00,https://www.dcceew.gov.au/parks-heritage/heritage/places/national-heritage-list,2017/11/14 00:00:00+00,"Fleet St, Parramatta NSW",1540.66482626342,105143.889607958
127,105812,1/16/035/0005,Kurnell Peninsula Headland,Historic,Listed place,NSW,CadLite,401.67933622,2017/09/18 00:00:00+00,https://www.dcceew.gov.au/parks-heritage/heritage/places/national/kurnell,2005/02/28 00:00:00+00,"Cape Solander Dr, Kurnell NSW",15990.5033016641,5862211.33963683
128,105673,2/02/137/0001,Budj Bim National Heritage Landscape - Mt Eccles Lake Condah Area,Indigenous,Listed place,VIC,CadLite,7903.40340176,2017/10/20 00:00:00+00,https://www.dcceew.gov.au/parks-heritage/heritage/places/national/budj-bim,2004/07/20 00:00:00+00,"Mt Eccles Rd, Macarthur VIC",113654.301820555,127759162.261144
129,106305,2/11/033/0722,Melbourne's Domain Parkland and Memorial Precinct,Historic,Listed place,VIC,CadLite,109.01424844,2018/02/09 00:00:00+00,https://www.dcceew.gov.au/parks-heritage/heritage/places/national-heritage-list,2018/02/11 00:00:00+00,"St Kilda Rd, Melbourne VIC",13883.4345119668,1750361.78615967
130,105999,1/14/006/0061,The Greater Blue Mountains Area,Natural,Listed place,NSW,WHA,1043825.88018778,2018/02/12 00:00:00+00,https://www.dcceew.gov.au/parks-heritage/heritage/places/world/blue-mountains,2007/05/21 00:00:00+00,"Greater Western Hwy, Katoomba NSW",6183807.70886576,14978781037.1518
131,105881,5/14/192/0013,The Ningaloo Coast,Natural,Listed place,WA,CadLite,707462.33871304,2018/02/12 00:00:00+00,https://www.dcceew.gov.au/parks-heritage/heritage/places/national/ningaloo,2010/01/06 00:00:00+00,"Ningaloo Rd, Ningaloo WA",840495.045775247,8336096724.79708
132,105957,1/14/028/0109,Old Government House and the Government Domain,Historic,Listed place,NSW,CadLite,49.357291,2024/05/21 00:00:00+00,https://www.dcceew.gov.au/parks-heritage/heritage/places/national/old-government-house,2007/08/01 00:00:00+00,"O'Connell St, Parramatta NSW",4767.64878705538,716756.421579514
133,105718,6/01/106/0005,Port Arthur Historic Site,Historic,Listed place,TAS,CadLite,195.0854932,2024/05/21 00:00:00+00,https://www.dcceew.gov.au/parks-heritage/heritage/places/national/port-arthur,2005/06/03 00:00:00+00,"Arthur Hwy, Port Arthur TAS",26226.1895939919,3666126.02990076
134,105931,6/01/106/0006,Coal Mines Historic Site,Historic,Listed place,TAS,CadLite,346.77444891,2024/05/21 00:00:00+00,https://www.dcceew.gov.au/parks-heritage/heritage/places/national/coal-mines,2007/08/01 00:00:00+00,"Coal Mine Rd, Saltwater River TAS",12541.3179929364,6482618.11163928
135,106043,7/08/013/0005,West MacDonnell National Park,Indigenous,Nominated place,NT,Capad,210260.776986,2024/08/12 00:00:00+00,https://www.dcceew.gov.au/parks-heritage/heritage/places/national-heritage-list,,"Namatjira Dr, Alice Springs NT",705989.067315428,2505327123.31375
136,106366,0/00/000/0000,Mithaka Cultural Landscape,Indigenous,Listed place,QLD,NNTT,3375128.852087,2020/03/03 00:00:00+00,https://www.dcceew.gov.au/parks-heritage/heritage/places/national-heritage-list,2025/12/05 00:00:00+00,Winton QLD,4756069.26240947,41347562388.5585
137,106399,0/00/000/0000,Sydney Gay and Lesbian Mardi Gras Parade Route,Historic,Listed place,NSW,CadLite,15.31673159,2026/02/12 00:00:00+00,https://www.dcceew.gov.au/parks-heritage/heritage/places/national-heritage-list,2026/02/26 00:00:00+00,"Oxford St, Darlinghurst NSW",11216.1072215931,222798.304572615
138,106404,0/00/000/0000,"Elizabeth Farm, Experiment Farm and Hambledon Cottage",Historic,Nominated place,NSW,Cadlite,8.83037611,2024/12/06 00:00:00+00,https://www.dcceew.gov.au/parks-heritage/heritage/places/national-heritage-list,,Parramatta NSW,2777.58048492347,128264.246697505
139,106372,0/00/000/0000,North Pole Dome and Meentheena,Natural,Nominated place,WA,CadLite,4303.58169556,2025/07/04 00:00:00+00,https://www.dcceew.gov.au/parks-heritage/heritage/places/national-heritage-list,,Marble Bar WA,453290.4036,9962977363.02334
140,105748,1/12/038/0008,Bondi Surf Pavilion,Historic,Within listed place,NSW,Imagery,0.43363366,2021/01/27 00:00:00+00,https://www.dcceew.gov.au/parks-heritage/heritage/places/national-heritage-list,,"Queen Elizabeth Dr, Bondi Beach NSW",819.725214622,6309.00725155523
141,106103,1/12/036/0682,Governors' Domain and Civic Precinct,Historic,Listed place,NSW,CadLite,117.57462312,2021/02/10 00:00:00+00,https://www.dcceew.gov.au/parks-heritage/heritage/places/national/governors-domain-civic-precinct,2021/02/12 00:00:00+00,"Macquarie St, Sydney NSW",9385.877913354,1709693.3070526
142,106370,0/00/000/0000,Victorian Trades Hall,Historic,Listed place,VIC,CadLite,0.50405661,2023/10/11 00:00:00+00,https://www.dcceew.gov.au/parks-heritage/heritage/places/national-heritage-list,2023/10/11 00:00:00+00,"54 Victoria Street, Carlton VIC",382.473900053694,8088.34570049673
143,106167,9/00/001/0023,HMS Sirius Shipwreck,Historic,Listed place,EXT,MGA,16.68306827,2021/02/23 00:00:00+00,https://www.dcceew.gov.au/parks-heritage/heritage/places/national/sirius,2011/10/25 00:00:00+00,Kingston EXT,1967.0964937254,219120.244796609
144,105941,4/06/272/0009,"Murray Island Group, including Mer Island, Dauar Island, Waier Island",Indigenous,Nominated place,QLD,CadLite,482.48132054,2015/05/29 00:00:00+00,https://www.dcceew.gov.au/parks-heritage/heritage/places/national-heritage-list,,Torres Strait QLD,14553.7985857154,5003939.95356455
145,106365,0/00/000/0000,Beechworth Administrative Precinct,Historic,Listed place,VIC,MGA,2.78574928,2024/04/03 00:00:00+00,https://www.dcceew.gov.au/parks-heritage/heritage/places/national-heritage-list,2024/08/16 00:00:00+00,"Ford Street, Beechworth VIC",1434.45288425265,43039.828822626
146,105694,1/00/373/0001,Lord Howe Island Group,Natural,Listed place,NSW,Capad,144439.9167503,2024/04/22 00:00:00+00,https://www.dcceew.gov.au/parks-heritage/heritage/places/world/lord-howe,2007/05/21 00:00:00+00,Lord Howe Island NSW,255192.308430495,1998215713.59986
147,105694,1/00/373/0001,Lord Howe Island Group,Natural,Listed place,NSW,Capad,1639.96337636,2024/04/22 00:00:00+00,https://www.dcceew.gov.au/parks-heritage/heritage/places/world/lord-howe,2007/05/21 00:00:00+00,Lord Howe Island NSW,72021.8062304883,22654011.4252745
148,105962,9/00/001/0036,Kingston and Arthurs Vale Historic Area,Historic,Listed place,EXT,CadLite,242.61531626,2024/05/07 00:00:00+00,https://www.dcceew.gov.au/parks-heritage/heritage/places/national/kavha,2007/08/01 00:00:00+00,"Quality Row, Kingston EXT",12642.2824281323,3186207.66709954
149,105961,1/14/051/0021,Old Great North Road,Historic,Listed place,NSW,CadLite,196.440269,2024/05/13 00:00:00+00,https://www.dcceew.gov.au/parks-heritage/heritage/places/national/north-road,2007/08/01 00:00:00+00,"The Old Great Northern Rd, Wisemans Ferry NSW",11690.4222606328,2824739.73507107
150,105976,6/03/071/0006,Woolmers Estate,Historic,Listed place,TAS,CadLite,82.41192243,2024/05/20 00:00:00+00,https://www.dcceew.gov.au/parks-heritage/heritage/places/national/woolmers-estate,2007/11/23 00:00:00+00,"Woolmers La, Longford TAS",5157.16696026007,1476043.42000745
151,105977,6/03/071/0046,Brickendon Estate,Historic,Listed place,TAS,CadLite,458.09928874,2024/05/20 00:00:00+00,https://www.dcceew.gov.au/parks-heritage/heritage/places/national/brickendon-estate,2007/11/23 00:00:00+00,"Woolmers La, Longford TAS",12672.946972749,8204943.57962016
