unesco_id,name ,category,year,area_ha,lat,lon,criteria,secondary_dates
1709,Murujuga Cultural Landscape,Cultural,2025,99881,-20.56502778,116.6685278,(i)(iii)(v),2025
1577,Budj Bim Cultural Landscape,Cultural,2019,9935,-38.08111111,141.8852778,(iii)(v),2019
1369,Ningaloo Coast,Natural,2011,705015,-22.5625,113.8102778,(vii)(x),2011
1306,Australian Convict Sites,Cultural,2010,1502.51,-33.37833333,150.9944444,(iv),2010
166,Sydney Opera House,Cultural,2007,5.8,-33.85666667,151.2152778,(i),2007
1131,Royal Exhibition Building and Carlton Gardens,Cultural,2004,26,-37.80611111,144.9702778,(ii),2004
1094,Purnululu National Park,Natural,2003,239723,-17.5,128.5,(vii)(viii),2003
917,Greater Blue Mountains Area,Natural,2000,1032649,-33.7,150,(ix)(x),2000
577,Heard and McDonald Islands,Natural,1997,658903,-53.1,73.5,(viii)(ix),1997
629,Macquarie Island,Natural,1997,557280,-54.59472222,158.8955556,(vii)(viii),1997
698,Australian Fossil Mammal Sites (Riversleigh / Naracoorte),Natural,1994,10326,-19.08333333,138.7166667,(viii)(ix),1994
630,K’gari,Natural,1992,181851,-25.21666667,153.1333333,(vii)(viii)(ix),1992
578,"Shark Bay, Western Australia",Natural,1991,2200902,-25.48611111,113.4361111,(vii)(viii)(ix)(x),1991
486,Wet Tropics of Queensland,Natural,1988,893453,-15.65,144.9666667,(vii)(viii)(ix)(x),1988
447,Uluṟu-Kata Tjuṯa National Park,Mixed,1987,132566,-25.33333333,131,(v)(vii)(viii),"1987, 1994"
368,Gondwana Rainforests of Australia,Natural,1986,370000,-28.25,150.05,(viii)(ix)(x),"1986, 1994"
186,Lord Howe Island Group,Natural,1982,146300,-31.56555556,159.0883333,(vii)(x),1982
181,Tasmanian Wilderness,Mixed,1982,1584233,-43.11847222,146.2305556,(iii)(iv)(vii)(viii)(ix)(x),"1982, 1989"
167,Willandra Lakes Region,Mixed,1981,240000,-34,143,(iii)(viii),1981
154,Great Barrier Reef,Natural,1981,34870000,-18.28611111,147.7,(vii)(viii)(ix)(x),1981
147,Kakadu National Park,Mixed,1981,1980994.92,-12.83333333,132.8333333,(i)(vii)(ix)(x),"1981, 1987,1992"
